{
  "container1": {
    "elType": "container",
    "id": "container1",
    "class": "container container1 m-2 p-2",
    "style": {
      "backgroundColor":{
        "576px": "10px",
        "992px": "10px",
        "1200px": "10px"
      },
      "margin": {
        "576px": "10px",
        "992px": "10px",
        "1200px": "10px"
      },
      "padding": {
        "576px": "10px",
        "992px": "10px",
        "1200px": "10px"
      }
    },
    "children": {
      "row1": {
        "elType": "row",
        "id": "row1",
        "class": "row row1 m-2 p-2",
        "style": {
          "backgroundColor":{
            "576px": "10px",
            "992px": "10px",
            "1200px": "10px"
          },
          "margin": {
            "576px": "10px",
            "992px": "10px",
            "1200px": "10px"
          },
          "padding": {
            "576px": "10px",
            "992px": "10px",
            "1200px": "10px"
          }
        },
        "children": {
          "column1": {
            "elType": "column",
            "id": "column1",
            "class": "column column1 m-2 p-2",
            "style": {
              "backgroundColor":{
                "576px": "#fff",
                "992px": "#fff",
                "1200px": "#fff"
              },
              "margin": {
                "576px": "10px",
                "992px": "10px",
                "1200px": "10px"
              },
              "padding": {
                "576px": "10px",
                "992px": "10px",
                "1200px": "10px"
              }
            },
            "children": {

            }
          },
          "column2": {
            "elType": "column",
            "id": "column2",
            "class": "column column2 m-2 p-2",
            "style": {
              "backgroundColor":{
                "576px": "#fff",
                "992px": "#fff",
                "1200px": "#fff"
              },
              "margin": {
                "576px": "10px",
                "992px": "10px",
                "1200px": "10px"
              },
              "padding": {
                "576px": "10px",
                "992px": "10px",
                "1200px": "10px"
              }
            },
            "children": {

            }
          },
          "column3": {
            "elType": "column",
            "id": "column3",
            "class": "column column3 m-2 p-2",
            "style": {
              "backgroundColor":{
                "576px": "#fff",
                "992px": "#fff",
                "1200px": "#fff"
              },
              "margin": {
                "576px": "10px",
                "992px": "10px",
                "1200px": "10px"
              },
              "padding": {
                "576px": "10px",
                "992px": "10px",
                "1200px": "10px"
              }
            },
            "children": {

            }
          }
        }
      }
    }
  }
}