<?xml version="1.0" encoding="UTF-8" ?>
<rss version="2.0"
	xmlns:excerpt="http://wordpress.org/export/1.2/excerpt/"
	xmlns:content="http://purl.org/rss/1.0/modules/content/"
	xmlns:wfw="http://wellformedweb.org/CommentAPI/"
	xmlns:dc="http://purl.org/dc/elements/1.1/"
	xmlns:wp="http://wordpress.org/export/1.2/"
>

<channel>
	<title>Post Grid</title>
	<link>http://localhost/wp-multi/post-grid</link>
	<description>Just another WordPress Multi Sites site</description>
	<pubDate>Thu, 28 May 2020 16:16:28 +0000</pubDate>
	<language>en-US</language>
	<wp:wxr_version>1.2</wp:wxr_version>
	<wp:base_site_url>http://localhost/wp-multi/</wp:base_site_url>
	<wp:base_blog_url>http://localhost/wp-multi/post-grid</wp:base_blog_url>

		<wp:author><wp:author_id>1</wp:author_id><wp:author_login><![CDATA[admin]]></wp:author_login><wp:author_email><![CDATA[public.nurhasan@gmail.com]]></wp:author_email><wp:author_display_name><![CDATA[]]></wp:author_display_name><wp:author_first_name><![CDATA[Nur]]></wp:author_first_name><wp:author_last_name><![CDATA[Hasan]]></wp:author_last_name></wp:author>

				
	<generator>https://wordpress.org/?v=5.4</generator>

		<item>
		<title>Layout - Flat</title>
		<link>http://localhost/wp-multi/post-grid/post_grid_layout/layout-flat/</link>
		<pubDate>Sat, 18 Apr 2020 05:27:40 +0000</pubDate>
		<dc:creator><![CDATA[admin]]></dc:creator>
		<guid isPermaLink="false">http://localhost/wp/?post_type=post_grid_layout&#038;p=51600</guid>
		<description></description>
		<content:encoded><![CDATA[]]></content:encoded>
		<excerpt:encoded><![CDATA[]]></excerpt:encoded>
		<wp:post_id>51600</wp:post_id>
		<wp:post_date><![CDATA[2020-04-18 05:27:40]]></wp:post_date>
		<wp:post_date_gmt><![CDATA[2020-04-18 05:27:40]]></wp:post_date_gmt>
		<wp:comment_status><![CDATA[closed]]></wp:comment_status>
		<wp:ping_status><![CDATA[closed]]></wp:ping_status>
		<wp:post_name><![CDATA[layout-flat]]></wp:post_name>
		<wp:status><![CDATA[publish]]></wp:status>
		<wp:post_parent>0</wp:post_parent>
		<wp:menu_order>0</wp:menu_order>
		<wp:post_type><![CDATA[post_grid_layout]]></wp:post_type>
		<wp:post_password><![CDATA[]]></wp:post_password>
		<wp:is_sticky>0</wp:is_sticky>
														<wp:postmeta>
		<wp:meta_key><![CDATA[_edit_last]]></wp:meta_key>
		<wp:meta_value><![CDATA[1]]></wp:meta_value>
		</wp:postmeta>
							<wp:postmeta>
		<wp:meta_key><![CDATA[layout_options]]></wp:meta_key>
		<wp:meta_value><![CDATA[a:2:{s:17:"preview_post_type";s:4:"post";s:18:"layout_preview_img";s:31:"https://i.imgur.com/p0wi9sx.png";}]]></wp:meta_value>
		</wp:postmeta>
							<wp:postmeta>
		<wp:meta_key><![CDATA[layout_elements_data]]></wp:meta_key>
		<wp:meta_value><![CDATA[a:7:{s:13:"1587187627902";a:1:{s:13:"wrapper_start";a:5:{s:10:"wrapper_id";s:0:"";s:13:"wrapper_class";s:11:"layer-media";s:6:"margin";s:0:"";s:3:"css";s:0:"";s:9:"css_hover";s:0:"";}}s:13:"1587190790308";a:1:{s:5:"media";a:6:{s:12:"media_source";a:4:{s:14:"featured_image";a:4:{s:6:"enable";s:3:"yes";s:10:"image_size";s:5:"large";s:7:"link_to";s:9:"post_link";s:11:"link_target";s:5:"_self";}s:11:"first_image";a:3:{s:6:"enable";s:2:"no";s:7:"link_to";s:9:"post_link";s:11:"link_target";s:5:"_self";}s:11:"empty_thumb";a:4:{s:6:"enable";s:2:"no";s:7:"link_to";s:9:"post_link";s:11:"link_target";s:5:"_self";s:17:"default_thumb_src";s:59:"http://localhost/wp/wp-content/uploads/2020/02/single-1.jpg";}s:22:"siteorigin_first_image";a:3:{s:6:"enable";s:2:"no";s:7:"link_to";s:4:"none";s:11:"link_target";s:5:"_self";}}s:12:"media_height";a:6:{s:10:"large_type";s:11:"auto_height";s:5:"large";s:0:"";s:11:"medium_type";s:11:"auto_height";s:6:"medium";s:0:"";s:10:"small_type";s:11:"auto_height";s:5:"small";s:0:"";}s:6:"margin";s:0:"";s:7:"padding";s:0:"";s:3:"css";s:0:"";s:9:"css_hover";s:0:"";}}s:13:"1587187640582";a:1:{s:11:"wrapper_end";a:1:{s:10:"wrapper_id";s:0:"";}}s:13:"1587187714568";a:1:{s:13:"wrapper_start";a:5:{s:10:"wrapper_id";s:0:"";s:13:"wrapper_class";s:13:"layer-content";s:6:"margin";s:0:"";s:3:"css";s:0:"";s:9:"css_hover";s:0:"";}}s:13:"1587187895341";a:1:{s:5:"title";a:10:{s:7:"link_to";s:9:"post_link";s:11:"link_target";s:6:"_blank";s:10:"char_limit";s:2:"20";s:5:"color";s:0:"";s:9:"font_size";s:4:"18px";s:11:"font_family";s:0:"";s:6:"margin";s:5:"5px 0";s:10:"text_align";s:4:"left";s:3:"css";s:0:"";s:9:"css_hover";s:0:"";}}s:13:"1587187729822";a:1:{s:7:"excerpt";a:10:{s:14:"excerpt_source";s:15:"excerpt_content";s:10:"char_limit";s:2:"20";s:14:"read_more_text";s:9:"Read more";s:11:"link_target";s:5:"_self";s:6:"margin";s:5:"0px 0";s:5:"color";s:0:"";s:10:"text_align";s:4:"left";s:9:"font_size";s:4:"14px";s:3:"css";s:0:"";s:9:"css_hover";s:0:"";}}s:13:"1587187731727";a:1:{s:11:"wrapper_end";a:1:{s:10:"wrapper_id";s:0:"";}}}]]></wp:meta_value>
		</wp:postmeta>
							<wp:postmeta>
		<wp:meta_key><![CDATA[custom_scripts]]></wp:meta_key>
		<wp:meta_value><![CDATA[a:2:{s:10:"custom_css";s:94:".__ID__ a{text-decoration:none}.__ID__{vertical-align:top}.__ID__ .layer-content{padding:10px}";s:9:"custom_js";s:0:"";}]]></wp:meta_value>
		</wp:postmeta>
							<wp:postmeta>
		<wp:meta_key><![CDATA[post_grid_post_settings]]></wp:meta_key>
		<wp:meta_value><![CDATA[a:14:{s:19:"custom_thumb_source";s:91:"http://localhost/wp/wp-content/plugins/post-grid/assets/frontend/css/images/placeholder.png";s:16:"thumb_custom_url";s:0:"";s:9:"layout_id";s:5:"51600";s:17:"font_awesome_icon";s:0:"";s:23:"font_awesome_icon_color";s:0:"";s:22:"font_awesome_icon_size";s:0:"";s:17:"custom_youtube_id";s:0:"";s:15:"custom_vimeo_id";s:0:"";s:21:"custom_dailymotion_id";s:0:"";s:14:"custom_mp3_url";s:0:"";s:20:"custom_soundcloud_id";s:0:"";s:16:"custom_video_MP4";s:0:"";s:16:"custom_video_OGV";s:0:"";s:17:"custom_video_WEBM";s:0:"";}]]></wp:meta_value>
		</wp:postmeta>
							<wp:postmeta>
		<wp:meta_key><![CDATA[_wp_old_slug]]></wp:meta_key>
		<wp:meta_value><![CDATA[layout-flat__trashed]]></wp:meta_value>
		</wp:postmeta>
							</item>
					<item>
		<title>Layout - Flip-x</title>
		<link>http://localhost/wp-multi/post-grid/post_grid_layout/layout-flip-x-2/</link>
		<pubDate>Sat, 18 Apr 2020 14:03:17 +0000</pubDate>
		<dc:creator><![CDATA[admin]]></dc:creator>
		<guid isPermaLink="false">http://localhost/wp/?post_type=post_grid_layout&#038;p=51612</guid>
		<description></description>
		<content:encoded><![CDATA[]]></content:encoded>
		<excerpt:encoded><![CDATA[]]></excerpt:encoded>
		<wp:post_id>51612</wp:post_id>
		<wp:post_date><![CDATA[2020-04-18 14:03:17]]></wp:post_date>
		<wp:post_date_gmt><![CDATA[2020-04-18 14:03:17]]></wp:post_date_gmt>
		<wp:comment_status><![CDATA[closed]]></wp:comment_status>
		<wp:ping_status><![CDATA[closed]]></wp:ping_status>
		<wp:post_name><![CDATA[layout-flip-x-2]]></wp:post_name>
		<wp:status><![CDATA[publish]]></wp:status>
		<wp:post_parent>0</wp:post_parent>
		<wp:menu_order>0</wp:menu_order>
		<wp:post_type><![CDATA[post_grid_layout]]></wp:post_type>
		<wp:post_password><![CDATA[]]></wp:post_password>
		<wp:is_sticky>0</wp:is_sticky>
														<wp:postmeta>
		<wp:meta_key><![CDATA[layout_options]]></wp:meta_key>
		<wp:meta_value><![CDATA[a:2:{s:17:"preview_post_type";s:4:"post";s:18:"layout_preview_img";s:31:"https://i.imgur.com/Yk1lKJw.gif";}]]></wp:meta_value>
		</wp:postmeta>
							<wp:postmeta>
		<wp:meta_key><![CDATA[layout_elements_data]]></wp:meta_key>
		<wp:meta_value><![CDATA[a:7:{s:13:"1587187627902";a:1:{s:13:"wrapper_start";a:5:{s:10:"wrapper_id";s:0:"";s:13:"wrapper_class";s:11:"layer-media";s:6:"margin";s:0:"";s:3:"css";s:0:"";s:9:"css_hover";s:0:"";}}s:13:"1587190790308";a:1:{s:5:"media";a:6:{s:12:"media_source";a:4:{s:14:"featured_image";a:4:{s:6:"enable";s:3:"yes";s:10:"image_size";s:5:"large";s:7:"link_to";s:9:"post_link";s:11:"link_target";s:5:"_self";}s:11:"first_image";a:3:{s:6:"enable";s:3:"yes";s:7:"link_to";s:9:"post_link";s:11:"link_target";s:5:"_self";}s:11:"empty_thumb";a:4:{s:6:"enable";s:3:"yes";s:7:"link_to";s:9:"post_link";s:11:"link_target";s:5:"_self";s:17:"default_thumb_src";s:0:"";}s:22:"siteorigin_first_image";a:3:{s:6:"enable";s:2:"no";s:7:"link_to";s:9:"post_link";s:11:"link_target";s:5:"_self";}}s:12:"media_height";a:6:{s:10:"large_type";s:11:"auto_height";s:5:"large";s:0:"";s:11:"medium_type";s:11:"auto_height";s:6:"medium";s:0:"";s:10:"small_type";s:11:"auto_height";s:5:"small";s:0:"";}s:6:"margin";s:0:"";s:7:"padding";s:0:"";s:3:"css";s:0:"";s:9:"css_hover";s:0:"";}}s:13:"1587187640582";a:1:{s:11:"wrapper_end";a:1:{s:10:"wrapper_id";s:0:"";}}s:13:"1587187714568";a:1:{s:13:"wrapper_start";a:5:{s:10:"wrapper_id";s:0:"";s:13:"wrapper_class";s:13:"layer-content";s:6:"margin";s:3:"0px";s:3:"css";s:0:"";s:9:"css_hover";s:0:"";}}s:13:"1587187895341";a:1:{s:5:"title";a:10:{s:7:"link_to";s:9:"post_link";s:11:"link_target";s:6:"_blank";s:10:"char_limit";s:2:"20";s:5:"color";s:0:"";s:9:"font_size";s:4:"18px";s:11:"font_family";s:0:"";s:6:"margin";s:5:"5px 0";s:10:"text_align";s:4:"left";s:3:"css";s:0:"";s:9:"css_hover";s:0:"";}}s:13:"1587187729822";a:1:{s:7:"excerpt";a:10:{s:14:"excerpt_source";s:15:"excerpt_content";s:10:"char_limit";s:2:"25";s:14:"read_more_text";s:9:"Read more";s:11:"link_target";s:6:"_blank";s:6:"margin";s:6:"10px 0";s:5:"color";s:0:"";s:10:"text_align";s:4:"left";s:9:"font_size";s:4:"14px";s:3:"css";s:0:"";s:9:"css_hover";s:0:"";}}s:13:"1587187731727";a:1:{s:11:"wrapper_end";a:1:{s:10:"wrapper_id";s:0:"";}}}]]></wp:meta_value>
		</wp:postmeta>
							<wp:postmeta>
		<wp:meta_key><![CDATA[custom_scripts]]></wp:meta_key>
		<wp:meta_value><![CDATA[a:2:{s:10:"custom_css";s:1285:".__ID__ a{text-decoration:none}.__ID__{overflow:hidden;padding:0;-webkit-perspective:600px;perspective:600px;position:relative;vertical-align:top;width:100%}.__ID__:hover .layer-media{background:#fff none repeat scroll 0 0;-webkit-transform:rotateX(180deg);transform:rotateX(180deg);z-index:900}.__ID__ .layer-media{-webkit-backface-visibility:hidden;backface-visibility:hidden;background:#fff none repeat scroll 0 0;float:none;height:inherit;left:0;text-align:center;top:0;-webkit-transform:rotateX(0) rotateY(0);transform:rotateX(0) rotateY(0);-webkit-transform-style:preserve-3d;transform-style:preserve-3d;-webkit-transition:all .4s ease-in-out 0s;transition:all .4s ease-in-out 0s;width:inherit;z-index:900}.__ID__:hover .layer-content{background:#fff none repeat scroll 0 0;-webkit-transform:rotateX(0) rotateY(0);transform:rotateX(0) rotateY(0);z-index:1000}.__ID__ .layer-content{-webkit-backface-visibility:hidden;backface-visibility:hidden;background:#fff none repeat scroll 0 0;float:none;height:inherit;left:0;padding:0;position:absolute;top:0;-webkit-transform:rotateX(-179deg);transform:rotateX(-179deg);-webkit-transform-style:preserve-3d;transform-style:preserve-3d;-webkit-transition:all .4s ease-in-out 0s;transition:all .4s ease-in-out 0s;width:inherit;z-index:800;}";s:9:"custom_js";s:0:"";}]]></wp:meta_value>
		</wp:postmeta>
							<wp:postmeta>
		<wp:meta_key><![CDATA[_dp_original]]></wp:meta_key>
		<wp:meta_value><![CDATA[51600]]></wp:meta_value>
		</wp:postmeta>
							<wp:postmeta>
		<wp:meta_key><![CDATA[_edit_last]]></wp:meta_key>
		<wp:meta_value><![CDATA[1]]></wp:meta_value>
		</wp:postmeta>
							<wp:postmeta>
		<wp:meta_key><![CDATA[_wp_old_slug]]></wp:meta_key>
		<wp:meta_value><![CDATA[layout-flip-x-2__trashed]]></wp:meta_value>
		</wp:postmeta>
							</item>
					<item>
		<title>Layout - Thumb go Left</title>
		<link>http://localhost/wp-multi/post-grid/post_grid_layout/layout-thumbgoleft/</link>
		<pubDate>Sat, 18 Apr 2020 14:03:45 +0000</pubDate>
		<dc:creator><![CDATA[admin]]></dc:creator>
		<guid isPermaLink="false">http://localhost/wp/?post_type=post_grid_layout&#038;p=51613</guid>
		<description></description>
		<content:encoded><![CDATA[]]></content:encoded>
		<excerpt:encoded><![CDATA[]]></excerpt:encoded>
		<wp:post_id>51613</wp:post_id>
		<wp:post_date><![CDATA[2020-04-18 14:03:45]]></wp:post_date>
		<wp:post_date_gmt><![CDATA[2020-04-18 14:03:45]]></wp:post_date_gmt>
		<wp:comment_status><![CDATA[closed]]></wp:comment_status>
		<wp:ping_status><![CDATA[closed]]></wp:ping_status>
		<wp:post_name><![CDATA[layout-thumbgoleft]]></wp:post_name>
		<wp:status><![CDATA[publish]]></wp:status>
		<wp:post_parent>0</wp:post_parent>
		<wp:menu_order>0</wp:menu_order>
		<wp:post_type><![CDATA[post_grid_layout]]></wp:post_type>
		<wp:post_password><![CDATA[]]></wp:post_password>
		<wp:is_sticky>0</wp:is_sticky>
														<wp:postmeta>
		<wp:meta_key><![CDATA[layout_options]]></wp:meta_key>
		<wp:meta_value><![CDATA[a:2:{s:17:"preview_post_type";s:4:"post";s:18:"layout_preview_img";s:31:"https://i.imgur.com/V4ADgV7.gif";}]]></wp:meta_value>
		</wp:postmeta>
							<wp:postmeta>
		<wp:meta_key><![CDATA[layout_elements_data]]></wp:meta_key>
		<wp:meta_value><![CDATA[a:7:{s:13:"1587187627902";a:1:{s:13:"wrapper_start";a:5:{s:10:"wrapper_id";s:0:"";s:13:"wrapper_class";s:11:"layer-media";s:6:"margin";s:0:"";s:3:"css";s:0:"";s:9:"css_hover";s:0:"";}}s:13:"1587190790308";a:1:{s:5:"media";a:6:{s:12:"media_source";a:4:{s:14:"featured_image";a:4:{s:6:"enable";s:3:"yes";s:10:"image_size";s:5:"large";s:7:"link_to";s:9:"post_link";s:11:"link_target";s:5:"_self";}s:11:"first_image";a:3:{s:6:"enable";s:3:"yes";s:7:"link_to";s:9:"post_link";s:11:"link_target";s:5:"_self";}s:11:"empty_thumb";a:4:{s:6:"enable";s:3:"yes";s:7:"link_to";s:9:"post_link";s:11:"link_target";s:5:"_self";s:17:"default_thumb_src";s:0:"";}s:22:"siteorigin_first_image";a:3:{s:6:"enable";s:2:"no";s:7:"link_to";s:9:"post_link";s:11:"link_target";s:5:"_self";}}s:12:"media_height";a:6:{s:10:"large_type";s:11:"auto_height";s:5:"large";s:0:"";s:11:"medium_type";s:11:"auto_height";s:6:"medium";s:0:"";s:10:"small_type";s:11:"auto_height";s:5:"small";s:0:"";}s:6:"margin";s:0:"";s:7:"padding";s:0:"";s:3:"css";s:0:"";s:9:"css_hover";s:0:"";}}s:13:"1587187640582";a:1:{s:11:"wrapper_end";a:1:{s:10:"wrapper_id";s:0:"";}}s:13:"1587187714568";a:1:{s:13:"wrapper_start";a:5:{s:10:"wrapper_id";s:0:"";s:13:"wrapper_class";s:13:"layer-content";s:6:"margin";s:4:"10px";s:3:"css";s:0:"";s:9:"css_hover";s:0:"";}}s:13:"1587187895341";a:1:{s:5:"title";a:10:{s:7:"link_to";s:9:"post_link";s:11:"link_target";s:6:"_blank";s:10:"char_limit";s:2:"20";s:5:"color";s:0:"";s:9:"font_size";s:4:"18px";s:11:"font_family";s:0:"";s:6:"margin";s:5:"5px 0";s:10:"text_align";s:4:"left";s:3:"css";s:0:"";s:9:"css_hover";s:0:"";}}s:13:"1587187729822";a:1:{s:7:"excerpt";a:10:{s:14:"excerpt_source";s:15:"excerpt_content";s:10:"char_limit";s:2:"20";s:14:"read_more_text";s:9:"Read more";s:11:"link_target";s:6:"_blank";s:6:"margin";s:6:"10px 0";s:5:"color";s:0:"";s:10:"text_align";s:4:"left";s:9:"font_size";s:4:"14px";s:3:"css";s:0:"";s:9:"css_hover";s:0:"";}}s:13:"1587187731727";a:1:{s:11:"wrapper_end";a:1:{s:10:"wrapper_id";s:0:"";}}}]]></wp:meta_value>
		</wp:postmeta>
							<wp:postmeta>
		<wp:meta_key><![CDATA[custom_scripts]]></wp:meta_key>
		<wp:meta_value><![CDATA[a:2:{s:10:"custom_css";s:510:".__ID__ a{text-decoration:none}.__ID__{overflow:hidden;position:relative;vertical-align:top}.__ID__:hover .layer-media{opacity:0;-webkit-transform:scale(.5) translateX(-100%);-ms-transform:scale(.5) translateX(-100%);transform:scale(.5) translateX(-100%)}.__ID__ .layer-media{-webkit-transition:all 1s ease 0s;transition:all 1s ease 0s;width:100%}.__ID__:hover .layer-content{opacity:1}.__ID__ .layer-content{left:0;opacity:0;position:absolute;top:0;-webkit-transition:all 1s ease 0s;transition:all 1s ease 0s}";s:9:"custom_js";s:0:"";}]]></wp:meta_value>
		</wp:postmeta>
							<wp:postmeta>
		<wp:meta_key><![CDATA[_dp_original]]></wp:meta_key>
		<wp:meta_value><![CDATA[51600]]></wp:meta_value>
		</wp:postmeta>
							<wp:postmeta>
		<wp:meta_key><![CDATA[_edit_last]]></wp:meta_key>
		<wp:meta_value><![CDATA[1]]></wp:meta_value>
		</wp:postmeta>
							<wp:postmeta>
		<wp:meta_key><![CDATA[_wp_old_slug]]></wp:meta_key>
		<wp:meta_value><![CDATA[layout-thumbgoleft__trashed]]></wp:meta_value>
		</wp:postmeta>
							</item>
					<item>
		<title>Layout - Thumb-rounded</title>
		<link>http://localhost/wp-multi/post-grid/post_grid_layout/layout-thumbrounded-2/</link>
		<pubDate>Sat, 18 Apr 2020 14:04:05 +0000</pubDate>
		<dc:creator><![CDATA[admin]]></dc:creator>
		<guid isPermaLink="false">http://localhost/wp/?post_type=post_grid_layout&#038;p=51614</guid>
		<description></description>
		<content:encoded><![CDATA[]]></content:encoded>
		<excerpt:encoded><![CDATA[]]></excerpt:encoded>
		<wp:post_id>51614</wp:post_id>
		<wp:post_date><![CDATA[2020-04-18 14:04:05]]></wp:post_date>
		<wp:post_date_gmt><![CDATA[2020-04-18 14:04:05]]></wp:post_date_gmt>
		<wp:comment_status><![CDATA[closed]]></wp:comment_status>
		<wp:ping_status><![CDATA[closed]]></wp:ping_status>
		<wp:post_name><![CDATA[layout-thumbrounded-2]]></wp:post_name>
		<wp:status><![CDATA[publish]]></wp:status>
		<wp:post_parent>0</wp:post_parent>
		<wp:menu_order>0</wp:menu_order>
		<wp:post_type><![CDATA[post_grid_layout]]></wp:post_type>
		<wp:post_password><![CDATA[]]></wp:post_password>
		<wp:is_sticky>0</wp:is_sticky>
														<wp:postmeta>
		<wp:meta_key><![CDATA[layout_options]]></wp:meta_key>
		<wp:meta_value><![CDATA[a:2:{s:17:"preview_post_type";s:4:"post";s:18:"layout_preview_img";s:31:"https://i.imgur.com/X9WRLgA.png";}]]></wp:meta_value>
		</wp:postmeta>
							<wp:postmeta>
		<wp:meta_key><![CDATA[layout_elements_data]]></wp:meta_key>
		<wp:meta_value><![CDATA[a:7:{s:13:"1587187627902";a:1:{s:13:"wrapper_start";a:5:{s:10:"wrapper_id";s:0:"";s:13:"wrapper_class";s:11:"layer-media";s:6:"margin";s:0:"";s:3:"css";s:0:"";s:9:"css_hover";s:0:"";}}s:13:"1587190790308";a:1:{s:5:"media";a:6:{s:12:"media_source";a:4:{s:14:"featured_image";a:4:{s:6:"enable";s:3:"yes";s:10:"image_size";s:5:"large";s:7:"link_to";s:9:"post_link";s:11:"link_target";s:5:"_self";}s:11:"first_image";a:3:{s:6:"enable";s:3:"yes";s:7:"link_to";s:9:"post_link";s:11:"link_target";s:5:"_self";}s:11:"empty_thumb";a:4:{s:6:"enable";s:3:"yes";s:7:"link_to";s:9:"post_link";s:11:"link_target";s:5:"_self";s:17:"default_thumb_src";s:0:"";}s:22:"siteorigin_first_image";a:3:{s:6:"enable";s:2:"no";s:7:"link_to";s:9:"post_link";s:11:"link_target";s:5:"_self";}}s:12:"media_height";a:6:{s:10:"large_type";s:11:"auto_height";s:5:"large";s:0:"";s:11:"medium_type";s:11:"auto_height";s:6:"medium";s:0:"";s:10:"small_type";s:11:"auto_height";s:5:"small";s:0:"";}s:6:"margin";s:0:"";s:7:"padding";s:0:"";s:3:"css";s:0:"";s:9:"css_hover";s:0:"";}}s:13:"1587187640582";a:1:{s:11:"wrapper_end";a:1:{s:10:"wrapper_id";s:0:"";}}s:13:"1587187714568";a:1:{s:13:"wrapper_start";a:5:{s:10:"wrapper_id";s:0:"";s:13:"wrapper_class";s:13:"layer-content";s:6:"margin";s:4:"10px";s:3:"css";s:0:"";s:9:"css_hover";s:0:"";}}s:13:"1587187895341";a:1:{s:5:"title";a:10:{s:7:"link_to";s:9:"post_link";s:11:"link_target";s:6:"_blank";s:10:"char_limit";s:2:"20";s:5:"color";s:0:"";s:9:"font_size";s:4:"18px";s:11:"font_family";s:0:"";s:6:"margin";s:5:"5px 0";s:10:"text_align";s:4:"left";s:3:"css";s:0:"";s:9:"css_hover";s:0:"";}}s:13:"1587187729822";a:1:{s:7:"excerpt";a:10:{s:14:"excerpt_source";s:15:"excerpt_content";s:10:"char_limit";s:2:"20";s:14:"read_more_text";s:9:"Read more";s:11:"link_target";s:6:"_blank";s:6:"margin";s:6:"10px 0";s:5:"color";s:0:"";s:10:"text_align";s:4:"left";s:9:"font_size";s:4:"14px";s:3:"css";s:0:"";s:9:"css_hover";s:0:"";}}s:13:"1587187731727";a:1:{s:11:"wrapper_end";a:1:{s:10:"wrapper_id";s:0:"";}}}]]></wp:meta_value>
		</wp:postmeta>
							<wp:postmeta>
		<wp:meta_key><![CDATA[custom_scripts]]></wp:meta_key>
		<wp:meta_value><![CDATA[a:2:{s:10:"custom_css";s:125:".__ID__ a{text-decoration:none}.__ID__ .layer-media{background:#fff none repeat scroll 0 0;border-radius:50%;overflow:hidden}";s:9:"custom_js";s:0:"";}]]></wp:meta_value>
		</wp:postmeta>
							<wp:postmeta>
		<wp:meta_key><![CDATA[_dp_original]]></wp:meta_key>
		<wp:meta_value><![CDATA[51600]]></wp:meta_value>
		</wp:postmeta>
							<wp:postmeta>
		<wp:meta_key><![CDATA[_edit_last]]></wp:meta_key>
		<wp:meta_value><![CDATA[1]]></wp:meta_value>
		</wp:postmeta>
							<wp:postmeta>
		<wp:meta_key><![CDATA[_wp_old_slug]]></wp:meta_key>
		<wp:meta_value><![CDATA[layout-thumbrounded-2__trashed]]></wp:meta_value>
		</wp:postmeta>
							</item>
					<item>
		<title>Layout - Contentbottom</title>
		<link>http://localhost/wp-multi/post-grid/post_grid_layout/layout-flat-2/</link>
		<pubDate>Sat, 18 Apr 2020 14:04:45 +0000</pubDate>
		<dc:creator><![CDATA[admin]]></dc:creator>
		<guid isPermaLink="false">http://localhost/wp/?post_type=post_grid_layout&#038;p=51615</guid>
		<description></description>
		<content:encoded><![CDATA[]]></content:encoded>
		<excerpt:encoded><![CDATA[]]></excerpt:encoded>
		<wp:post_id>51615</wp:post_id>
		<wp:post_date><![CDATA[2020-04-18 14:04:45]]></wp:post_date>
		<wp:post_date_gmt><![CDATA[2020-04-18 14:04:45]]></wp:post_date_gmt>
		<wp:comment_status><![CDATA[closed]]></wp:comment_status>
		<wp:ping_status><![CDATA[closed]]></wp:ping_status>
		<wp:post_name><![CDATA[layout-flat-2]]></wp:post_name>
		<wp:status><![CDATA[publish]]></wp:status>
		<wp:post_parent>0</wp:post_parent>
		<wp:menu_order>0</wp:menu_order>
		<wp:post_type><![CDATA[post_grid_layout]]></wp:post_type>
		<wp:post_password><![CDATA[]]></wp:post_password>
		<wp:is_sticky>0</wp:is_sticky>
														<wp:postmeta>
		<wp:meta_key><![CDATA[layout_options]]></wp:meta_key>
		<wp:meta_value><![CDATA[a:2:{s:17:"preview_post_type";s:4:"post";s:18:"layout_preview_img";s:31:"https://i.imgur.com/g8y89WR.png";}]]></wp:meta_value>
		</wp:postmeta>
							<wp:postmeta>
		<wp:meta_key><![CDATA[layout_elements_data]]></wp:meta_key>
		<wp:meta_value><![CDATA[a:7:{s:13:"1587187627902";a:1:{s:13:"wrapper_start";a:5:{s:10:"wrapper_id";s:0:"";s:13:"wrapper_class";s:11:"layer-media";s:6:"margin";s:0:"";s:3:"css";s:0:"";s:9:"css_hover";s:0:"";}}s:13:"1587190790308";a:1:{s:5:"media";a:6:{s:12:"media_source";a:4:{s:14:"featured_image";a:4:{s:6:"enable";s:3:"yes";s:10:"image_size";s:5:"large";s:7:"link_to";s:9:"post_link";s:11:"link_target";s:5:"_self";}s:11:"first_image";a:3:{s:6:"enable";s:3:"yes";s:7:"link_to";s:9:"post_link";s:11:"link_target";s:5:"_self";}s:11:"empty_thumb";a:4:{s:6:"enable";s:3:"yes";s:7:"link_to";s:9:"post_link";s:11:"link_target";s:5:"_self";s:17:"default_thumb_src";s:0:"";}s:22:"siteorigin_first_image";a:3:{s:6:"enable";s:2:"no";s:7:"link_to";s:9:"post_link";s:11:"link_target";s:5:"_self";}}s:12:"media_height";a:6:{s:10:"large_type";s:11:"auto_height";s:5:"large";s:0:"";s:11:"medium_type";s:11:"auto_height";s:6:"medium";s:0:"";s:10:"small_type";s:11:"auto_height";s:5:"small";s:0:"";}s:6:"margin";s:0:"";s:7:"padding";s:0:"";s:3:"css";s:0:"";s:9:"css_hover";s:0:"";}}s:13:"1587187640582";a:1:{s:11:"wrapper_end";a:1:{s:10:"wrapper_id";s:0:"";}}s:13:"1587187714568";a:1:{s:13:"wrapper_start";a:5:{s:10:"wrapper_id";s:0:"";s:13:"wrapper_class";s:13:"layer-content";s:6:"margin";s:0:"";s:3:"css";s:0:"";s:9:"css_hover";s:0:"";}}s:13:"1587187895341";a:1:{s:5:"title";a:10:{s:7:"link_to";s:9:"post_link";s:11:"link_target";s:6:"_blank";s:10:"char_limit";s:2:"20";s:5:"color";s:7:"#ffffff";s:9:"font_size";s:4:"18px";s:11:"font_family";s:0:"";s:6:"margin";s:3:"5px";s:10:"text_align";s:4:"left";s:3:"css";s:0:"";s:9:"css_hover";s:0:"";}}s:13:"1587187729822";a:1:{s:7:"excerpt";a:10:{s:14:"excerpt_source";s:15:"excerpt_content";s:10:"char_limit";s:2:"15";s:14:"read_more_text";s:9:"Read more";s:11:"link_target";s:6:"_blank";s:6:"margin";s:4:"10px";s:5:"color";s:7:"#ffffff";s:10:"text_align";s:4:"left";s:9:"font_size";s:4:"14px";s:3:"css";s:0:"";s:9:"css_hover";s:0:"";}}s:13:"1587187731727";a:1:{s:11:"wrapper_end";a:1:{s:10:"wrapper_id";s:0:"";}}}]]></wp:meta_value>
		</wp:postmeta>
							<wp:postmeta>
		<wp:meta_key><![CDATA[custom_scripts]]></wp:meta_key>
		<wp:meta_value><![CDATA[a:2:{s:10:"custom_css";s:425:".__ID__ a{text-decoration:none}.__ID__{overflow:hidden;position:relative;vertical-align:top}.__ID__:hover .layer-media{z-index:9}.__ID__ .layer-media{-webkit-transition:all .4s ease 0s;transition:all .4s ease 0s;left:0;top:0;width:100%}.__ID__ .layer-content{background:rgba(0,0,0,.3) none repeat scroll 0 0;bottom:0;color:#fff;left:0;position:absolute;-webkit-transition:all 1s ease 0s;transition:all 1s ease 0s;width:100%;}";s:9:"custom_js";s:0:"";}]]></wp:meta_value>
		</wp:postmeta>
							<wp:postmeta>
		<wp:meta_key><![CDATA[_dp_original]]></wp:meta_key>
		<wp:meta_value><![CDATA[51600]]></wp:meta_value>
		</wp:postmeta>
							<wp:postmeta>
		<wp:meta_key><![CDATA[_edit_last]]></wp:meta_key>
		<wp:meta_value><![CDATA[1]]></wp:meta_value>
		</wp:postmeta>
							<wp:postmeta>
		<wp:meta_key><![CDATA[_wp_old_slug]]></wp:meta_key>
		<wp:meta_value><![CDATA[layout-flat-2__trashed]]></wp:meta_value>
		</wp:postmeta>
							</item>
					<item>
		<title>Layout - Thumb Spin right</title>
		<link>http://localhost/wp-multi/post-grid/post_grid_layout/layout-flat-3/</link>
		<pubDate>Sat, 18 Apr 2020 14:05:16 +0000</pubDate>
		<dc:creator><![CDATA[admin]]></dc:creator>
		<guid isPermaLink="false">http://localhost/wp/?post_type=post_grid_layout&#038;p=51616</guid>
		<description></description>
		<content:encoded><![CDATA[]]></content:encoded>
		<excerpt:encoded><![CDATA[]]></excerpt:encoded>
		<wp:post_id>51616</wp:post_id>
		<wp:post_date><![CDATA[2020-04-18 14:05:16]]></wp:post_date>
		<wp:post_date_gmt><![CDATA[2020-04-18 14:05:16]]></wp:post_date_gmt>
		<wp:comment_status><![CDATA[closed]]></wp:comment_status>
		<wp:ping_status><![CDATA[closed]]></wp:ping_status>
		<wp:post_name><![CDATA[layout-flat-3]]></wp:post_name>
		<wp:status><![CDATA[publish]]></wp:status>
		<wp:post_parent>0</wp:post_parent>
		<wp:menu_order>0</wp:menu_order>
		<wp:post_type><![CDATA[post_grid_layout]]></wp:post_type>
		<wp:post_password><![CDATA[]]></wp:post_password>
		<wp:is_sticky>0</wp:is_sticky>
														<wp:postmeta>
		<wp:meta_key><![CDATA[layout_options]]></wp:meta_key>
		<wp:meta_value><![CDATA[a:2:{s:17:"preview_post_type";s:4:"post";s:18:"layout_preview_img";s:31:"https://i.imgur.com/OXKYCXS.gif";}]]></wp:meta_value>
		</wp:postmeta>
							<wp:postmeta>
		<wp:meta_key><![CDATA[layout_elements_data]]></wp:meta_key>
		<wp:meta_value><![CDATA[a:7:{s:13:"1587187627902";a:1:{s:13:"wrapper_start";a:5:{s:10:"wrapper_id";s:0:"";s:13:"wrapper_class";s:11:"layer-media";s:6:"margin";s:0:"";s:3:"css";s:0:"";s:9:"css_hover";s:0:"";}}s:13:"1587190790308";a:1:{s:5:"media";a:6:{s:12:"media_source";a:4:{s:14:"featured_image";a:4:{s:6:"enable";s:3:"yes";s:10:"image_size";s:5:"large";s:7:"link_to";s:9:"post_link";s:11:"link_target";s:5:"_self";}s:11:"first_image";a:3:{s:6:"enable";s:3:"yes";s:7:"link_to";s:9:"post_link";s:11:"link_target";s:5:"_self";}s:11:"empty_thumb";a:4:{s:6:"enable";s:3:"yes";s:7:"link_to";s:9:"post_link";s:11:"link_target";s:5:"_self";s:17:"default_thumb_src";s:68:"http://localhost/wp/wp-content/uploads/2020/02/long-sleeve-tee-2.jpg";}s:22:"siteorigin_first_image";a:3:{s:6:"enable";s:2:"no";s:7:"link_to";s:9:"post_link";s:11:"link_target";s:5:"_self";}}s:12:"media_height";a:6:{s:10:"large_type";s:11:"auto_height";s:5:"large";s:0:"";s:11:"medium_type";s:12:"fixed_height";s:6:"medium";s:0:"";s:10:"small_type";s:10:"max_height";s:5:"small";s:0:"";}s:6:"margin";s:0:"";s:7:"padding";s:0:"";s:3:"css";s:0:"";s:9:"css_hover";s:0:"";}}s:13:"1587187640582";a:1:{s:11:"wrapper_end";a:1:{s:10:"wrapper_id";s:0:"";}}s:13:"1587187714568";a:1:{s:13:"wrapper_start";a:5:{s:10:"wrapper_id";s:0:"";s:13:"wrapper_class";s:13:"layer-content";s:6:"margin";s:4:"10px";s:3:"css";s:0:"";s:9:"css_hover";s:0:"";}}s:13:"1587187895341";a:1:{s:5:"title";a:10:{s:7:"link_to";s:9:"post_link";s:11:"link_target";s:6:"_blank";s:10:"char_limit";s:2:"20";s:5:"color";s:0:"";s:9:"font_size";s:4:"18px";s:11:"font_family";s:0:"";s:6:"margin";s:5:"5px 0";s:10:"text_align";s:4:"left";s:3:"css";s:0:"";s:9:"css_hover";s:0:"";}}s:13:"1587187729822";a:1:{s:7:"excerpt";a:10:{s:14:"excerpt_source";s:15:"excerpt_content";s:10:"char_limit";s:2:"25";s:14:"read_more_text";s:9:"Read more";s:11:"link_target";s:6:"_blank";s:6:"margin";s:6:"10px 0";s:5:"color";s:0:"";s:10:"text_align";s:4:"left";s:9:"font_size";s:4:"14px";s:3:"css";s:0:"";s:9:"css_hover";s:0:"";}}s:13:"1587187731727";a:1:{s:11:"wrapper_end";a:1:{s:10:"wrapper_id";s:0:"";}}}]]></wp:meta_value>
		</wp:postmeta>
							<wp:postmeta>
		<wp:meta_key><![CDATA[custom_scripts]]></wp:meta_key>
		<wp:meta_value><![CDATA[a:2:{s:10:"custom_css";s:526:".__ID__ a{text-decoration:none}.__ID__{overflow:hidden;position:relative;vertical-align:top}.__ID__:hover .layer-media{-webkit-transform:rotate(30deg);-ms-transform:rotate(30deg);transform:rotate(30deg);opacity:0}.__ID__ .layer-media{-webkit-transition:all 1s ease 0s;transition:all 1s ease 0s;left:0;top:0;width:100%}.__ID__:hover .layer-content{opacity:1}.__ID__ .layer-content{left:0;opacity:0;position:absolute;top:0;width:100%;-webkit-transition:all 1s ease 0s;transition:all 1s ease 0s}.__ID__ .layer-hover{display:none}";s:9:"custom_js";s:0:"";}]]></wp:meta_value>
		</wp:postmeta>
							<wp:postmeta>
		<wp:meta_key><![CDATA[_dp_original]]></wp:meta_key>
		<wp:meta_value><![CDATA[51600]]></wp:meta_value>
		</wp:postmeta>
							<wp:postmeta>
		<wp:meta_key><![CDATA[_edit_last]]></wp:meta_key>
		<wp:meta_value><![CDATA[1]]></wp:meta_value>
		</wp:postmeta>
							<wp:postmeta>
		<wp:meta_key><![CDATA[_wp_old_slug]]></wp:meta_key>
		<wp:meta_value><![CDATA[layout-flat-3__trashed]]></wp:meta_value>
		</wp:postmeta>
							</item>
				</channel>
</rss>
	